"FechaGuatemala","IdUsuarioActor","Usuario","CodigoAccion","TipoRecurso","IdRecurso","Resultado"
"15/09/2026 17:08:21","1","Administrador Revision","Inicio de sesión","Sesión",,"Exitoso"
"15/09/2026 18:53:51","1","Administrador Revision","Empleado creado","Usuario","18","Exitoso"
"15/09/2026 18:57:32","1","Administrador Revision","Inicio de sesión","Sesión",,"Exitoso"
"15/09/2026 20:02:48","1","Administrador Revision","Publicación creada","Publicación","10","Exitoso"
"15/09/2026 20:02:49","1","Administrador Revision","Imagen de publicación agregada","Publicación","10","Exitoso"
"15/09/2026 20:02:49","1","Administrador Revision","Portada de publicación actualizada","Publicación","10","Exitoso"
"15/09/2026 20:22:39","1","Administrador Revision","Publicación publicada","Publicación","10","Exitoso"
"15/09/2026 20:22:52","1","Administrador Revision","Publicación actualizada","Publicación","10","Exitoso"
"15/09/2026 22:07:21","1","Administrador Revision","Área creada","Área","15","Exitoso"
"15/09/2026 22:07:22","1","Administrador Revision","Imagen de área actualizada","Área","15","Exitoso"
"15/09/2026 22:46:22","1","Administrador Revision","Contenido institucional actualizado","Contenido institucional","1","Exitoso"
